year,basis,cadre,group,course_years,sanctioned_seats_frozen,sanctioned_seats_trend,fill_rate,completion_rate,completion_basis,qualified_output_frozen,qualified_output_trend,full_coverage_year
2021,Observed,BSc Nursing,Nursing,4,18910,13689,0.9694,0.7596,observed (1 cohort match),,,"no, partial"
2022,Observed,BSc Nursing,Nursing,4,18910,14588,0.9694,0.7596,observed (1 cohort match),,,"no, partial"
2023,Observed,BSc Nursing,Nursing,4,18910,15887,0.9694,0.7596,observed (1 cohort match),,,"no, partial"
2024,Observed,BSc Nursing,Nursing,4,18910,17483,0.9694,0.7596,observed (1 cohort match),,,"no, partial"
2025,Observed,BSc Nursing,Nursing,4,18910,18910,0.9694,0.7596,observed (1 cohort match),13924,10080,"no, partial"
2026,Projected,BSc Nursing,Nursing,4,18910,20244,0.9694,0.7596,observed (1 cohort match),13924,10742,"no, partial"
2027,Projected,BSc Nursing,Nursing,4,18910,21577,0.9694,0.7596,observed (1 cohort match),13924,11698,yes
2028,Projected,BSc Nursing,Nursing,4,18910,22911,0.9694,0.7596,observed (1 cohort match),13924,12874,yes
2029,Projected,BSc Nursing,Nursing,4,18910,24245,0.9694,0.7596,observed (1 cohort match),13924,13924,yes
2030,Projected,BSc Nursing,Nursing,4,18910,25578,0.9694,0.7596,observed (1 cohort match),13924,14906,yes
2031,Projected,BSc Nursing,Nursing,4,18910,26912,0.9694,0.7596,observed (1 cohort match),13924,15889,yes
2032,Projected,BSc Nursing,Nursing,4,18910,28246,0.9694,0.7596,observed (1 cohort match),13924,16871,yes
2033,Projected,BSc Nursing,Nursing,4,18910,29580,0.9694,0.7596,observed (1 cohort match),13924,17853,yes
2034,Projected,BSc Nursing,Nursing,4,18910,30913,0.9694,0.7596,observed (1 cohort match),13924,18835,yes
2035,Projected,BSc Nursing,Nursing,4,18910,32247,0.9694,0.7596,observed (1 cohort match),13924,19817,yes
2036,Projected,BSc Nursing,Nursing,4,18910,32247,0.9694,0.7596,observed (1 cohort match),13924,20799,yes
2037,Projected,BSc Nursing,Nursing,4,18910,32247,0.9694,0.7596,observed (1 cohort match),13924,21781,yes
2038,Projected,BSc Nursing,Nursing,4,18910,32247,0.9694,0.7596,observed (1 cohort match),13924,22763,yes
2039,Projected,BSc Nursing,Nursing,4,18910,32247,0.9694,0.7596,observed (1 cohort match),13924,23745,yes
2040,Projected,BSc Nursing,Nursing,4,18910,32247,0.9694,0.7596,observed (1 cohort match),13924,23745,yes
2041,Projected,BSc Nursing,Nursing,4,18910,32247,0.9694,0.7596,observed (1 cohort match),13924,23745,yes
2042,Projected,BSc Nursing,Nursing,4,18910,32247,0.9694,0.7596,observed (1 cohort match),13924,23745,yes
2043,Projected,BSc Nursing,Nursing,4,18910,32247,0.9694,0.7596,observed (1 cohort match),13924,23745,yes
2044,Projected,BSc Nursing,Nursing,4,18910,32247,0.9694,0.7596,observed (1 cohort match),13924,23745,yes
2045,Projected,BSc Nursing,Nursing,4,18910,32247,0.9694,0.7596,observed (1 cohort match),13924,23745,yes
2046,Projected,BSc Nursing,Nursing,4,18910,32247,0.9694,0.7596,observed (1 cohort match),13924,23745,yes
2047,Projected,BSc Nursing,Nursing,4,18910,32247,0.9694,0.7596,observed (1 cohort match),13924,23745,yes
2048,Projected,BSc Nursing,Nursing,4,18910,32247,0.9694,0.7596,observed (1 cohort match),13924,23745,yes
2049,Projected,BSc Nursing,Nursing,4,18910,32247,0.9694,0.7596,observed (1 cohort match),13924,23745,yes
2050,Projected,BSc Nursing,Nursing,4,18910,32247,0.9694,0.7596,observed (1 cohort match),13924,23745,yes
2021,Observed,MSc Nursing,Nursing,2,1256,1099,0.5910,0.8908,observed (3 cohort matches),,,"no, partial"
2022,Observed,MSc Nursing,Nursing,2,1256,1019,0.5910,0.8908,observed (3 cohort matches),,,"no, partial"
2023,Observed,MSc Nursing,Nursing,2,1256,1191,0.5910,0.8908,observed (3 cohort matches),661,579,"no, partial"
2024,Observed,MSc Nursing,Nursing,2,1256,1256,0.5910,0.8908,observed (3 cohort matches),661,536,"no, partial"
2025,Observed,MSc Nursing,Nursing,2,1256,1320,0.5910,0.8908,observed (3 cohort matches),661,627,"no, partial"
2026,Projected,MSc Nursing,Nursing,2,1256,1385,0.5910,0.8908,observed (3 cohort matches),661,661,"no, partial"
2027,Projected,MSc Nursing,Nursing,2,1256,1449,0.5910,0.8908,observed (3 cohort matches),661,695,yes
2028,Projected,MSc Nursing,Nursing,2,1256,1513,0.5910,0.8908,observed (3 cohort matches),661,729,yes
2029,Projected,MSc Nursing,Nursing,2,1256,1577,0.5910,0.8908,observed (3 cohort matches),661,763,yes
2030,Projected,MSc Nursing,Nursing,2,1256,1642,0.5910,0.8908,observed (3 cohort matches),661,797,yes
2031,Projected,MSc Nursing,Nursing,2,1256,1706,0.5910,0.8908,observed (3 cohort matches),661,831,yes
2032,Projected,MSc Nursing,Nursing,2,1256,1770,0.5910,0.8908,observed (3 cohort matches),661,864,yes
2033,Projected,MSc Nursing,Nursing,2,1256,1835,0.5910,0.8908,observed (3 cohort matches),661,898,yes
2034,Projected,MSc Nursing,Nursing,2,1256,1899,0.5910,0.8908,observed (3 cohort matches),661,932,yes
2035,Projected,MSc Nursing,Nursing,2,1256,1963,0.5910,0.8908,observed (3 cohort matches),661,966,yes
2036,Projected,MSc Nursing,Nursing,2,1256,1963,0.5910,0.8908,observed (3 cohort matches),661,1000,yes
2037,Projected,MSc Nursing,Nursing,2,1256,1963,0.5910,0.8908,observed (3 cohort matches),661,1034,yes
2038,Projected,MSc Nursing,Nursing,2,1256,1963,0.5910,0.8908,observed (3 cohort matches),661,1034,yes
2039,Projected,MSc Nursing,Nursing,2,1256,1963,0.5910,0.8908,observed (3 cohort matches),661,1034,yes
2040,Projected,MSc Nursing,Nursing,2,1256,1963,0.5910,0.8908,observed (3 cohort matches),661,1034,yes
2041,Projected,MSc Nursing,Nursing,2,1256,1963,0.5910,0.8908,observed (3 cohort matches),661,1034,yes
2042,Projected,MSc Nursing,Nursing,2,1256,1963,0.5910,0.8908,observed (3 cohort matches),661,1034,yes
2043,Projected,MSc Nursing,Nursing,2,1256,1963,0.5910,0.8908,observed (3 cohort matches),661,1034,yes
2044,Projected,MSc Nursing,Nursing,2,1256,1963,0.5910,0.8908,observed (3 cohort matches),661,1034,yes
2045,Projected,MSc Nursing,Nursing,2,1256,1963,0.5910,0.8908,observed (3 cohort matches),661,1034,yes
2046,Projected,MSc Nursing,Nursing,2,1256,1963,0.5910,0.8908,observed (3 cohort matches),661,1034,yes
2047,Projected,MSc Nursing,Nursing,2,1256,1963,0.5910,0.8908,observed (3 cohort matches),661,1034,yes
2048,Projected,MSc Nursing,Nursing,2,1256,1963,0.5910,0.8908,observed (3 cohort matches),661,1034,yes
2049,Projected,MSc Nursing,Nursing,2,1256,1963,0.5910,0.8908,observed (3 cohort matches),661,1034,yes
2050,Projected,MSc Nursing,Nursing,2,1256,1963,0.5910,0.8908,observed (3 cohort matches),661,1034,yes
2021,Observed,Post Basic BSc Nursing,Nursing,2,1705,1775,0.4815,0.8013,observed (3 cohort matches),,,"no, partial"
2022,Observed,Post Basic BSc Nursing,Nursing,2,1705,1765,0.4815,0.8013,observed (3 cohort matches),,,"no, partial"
2023,Observed,Post Basic BSc Nursing,Nursing,2,1705,1725,0.4815,0.8013,observed (3 cohort matches),658,685,"no, partial"
2024,Observed,Post Basic BSc Nursing,Nursing,2,1705,1705,0.4815,0.8013,observed (3 cohort matches),658,681,"no, partial"
2025,Observed,Post Basic BSc Nursing,Nursing,2,1705,1680,0.4815,0.8013,observed (3 cohort matches),658,666,"no, partial"
2026,Projected,Post Basic BSc Nursing,Nursing,2,1705,1655,0.4815,0.8013,observed (3 cohort matches),658,658,"no, partial"
2027,Projected,Post Basic BSc Nursing,Nursing,2,1705,1630,0.4815,0.8013,observed (3 cohort matches),658,648,yes
2028,Projected,Post Basic BSc Nursing,Nursing,2,1705,1605,0.4815,0.8013,observed (3 cohort matches),658,638,yes
2029,Projected,Post Basic BSc Nursing,Nursing,2,1705,1580,0.4815,0.8013,observed (3 cohort matches),658,629,yes
2030,Projected,Post Basic BSc Nursing,Nursing,2,1705,1555,0.4815,0.8013,observed (3 cohort matches),658,619,yes
2031,Projected,Post Basic BSc Nursing,Nursing,2,1705,1530,0.4815,0.8013,observed (3 cohort matches),658,610,yes
2032,Projected,Post Basic BSc Nursing,Nursing,2,1705,1505,0.4815,0.8013,observed (3 cohort matches),658,600,yes
2033,Projected,Post Basic BSc Nursing,Nursing,2,1705,1480,0.4815,0.8013,observed (3 cohort matches),658,590,yes
2034,Projected,Post Basic BSc Nursing,Nursing,2,1705,1455,0.4815,0.8013,observed (3 cohort matches),658,581,yes
2035,Projected,Post Basic BSc Nursing,Nursing,2,1705,1430,0.4815,0.8013,observed (3 cohort matches),658,571,yes
2036,Projected,Post Basic BSc Nursing,Nursing,2,1705,1430,0.4815,0.8013,observed (3 cohort matches),658,561,yes
2037,Projected,Post Basic BSc Nursing,Nursing,2,1705,1430,0.4815,0.8013,observed (3 cohort matches),658,552,yes
2038,Projected,Post Basic BSc Nursing,Nursing,2,1705,1430,0.4815,0.8013,observed (3 cohort matches),658,552,yes
2039,Projected,Post Basic BSc Nursing,Nursing,2,1705,1430,0.4815,0.8013,observed (3 cohort matches),658,552,yes
2040,Projected,Post Basic BSc Nursing,Nursing,2,1705,1430,0.4815,0.8013,observed (3 cohort matches),658,552,yes
2041,Projected,Post Basic BSc Nursing,Nursing,2,1705,1430,0.4815,0.8013,observed (3 cohort matches),658,552,yes
2042,Projected,Post Basic BSc Nursing,Nursing,2,1705,1430,0.4815,0.8013,observed (3 cohort matches),658,552,yes
2043,Projected,Post Basic BSc Nursing,Nursing,2,1705,1430,0.4815,0.8013,observed (3 cohort matches),658,552,yes
2044,Projected,Post Basic BSc Nursing,Nursing,2,1705,1430,0.4815,0.8013,observed (3 cohort matches),658,552,yes
2045,Projected,Post Basic BSc Nursing,Nursing,2,1705,1430,0.4815,0.8013,observed (3 cohort matches),658,552,yes
2046,Projected,Post Basic BSc Nursing,Nursing,2,1705,1430,0.4815,0.8013,observed (3 cohort matches),658,552,yes
2047,Projected,Post Basic BSc Nursing,Nursing,2,1705,1430,0.4815,0.8013,observed (3 cohort matches),658,552,yes
2048,Projected,Post Basic BSc Nursing,Nursing,2,1705,1430,0.4815,0.8013,observed (3 cohort matches),658,552,yes
2049,Projected,Post Basic BSc Nursing,Nursing,2,1705,1430,0.4815,0.8013,observed (3 cohort matches),658,552,yes
2050,Projected,Post Basic BSc Nursing,Nursing,2,1705,1430,0.4815,0.8013,observed (3 cohort matches),658,552,yes
2021,Observed,BDS,Dental,5,2200,2060,0.9076,0.9104,assumed,,,"no, partial"
2022,Observed,BDS,Dental,5,2200,2150,0.9076,0.9104,assumed,,,"no, partial"
2023,Observed,BDS,Dental,5,2200,2200,0.9076,0.9104,assumed,,,"no, partial"
2024,Observed,BDS,Dental,5,2200,2150,0.9076,0.9104,assumed,,,"no, partial"
2025,Observed,BDS,Dental,5,2200,2200,0.9076,0.9104,assumed,,,"no, partial"
2026,Projected,BDS,Dental,5,2200,2228,0.9076,0.9104,assumed,1818,1702,"no, partial"
2027,Projected,BDS,Dental,5,2200,2256,0.9076,0.9104,assumed,1818,1777,yes
2028,Projected,BDS,Dental,5,2200,2284,0.9076,0.9104,assumed,1818,1818,yes
2029,Projected,BDS,Dental,5,2200,2312,0.9076,0.9104,assumed,1818,1777,yes
2030,Projected,BDS,Dental,5,2200,2340,0.9076,0.9104,assumed,1818,1818,yes
2031,Projected,BDS,Dental,5,2200,2368,0.9076,0.9104,assumed,1818,1841,yes
2032,Projected,BDS,Dental,5,2200,2396,0.9076,0.9104,assumed,1818,1864,yes
2033,Projected,BDS,Dental,5,2200,2424,0.9076,0.9104,assumed,1818,1887,yes
2034,Projected,BDS,Dental,5,2200,2452,0.9076,0.9104,assumed,1818,1910,yes
2035,Projected,BDS,Dental,5,2200,2480,0.9076,0.9104,assumed,1818,1934,yes
2036,Projected,BDS,Dental,5,2200,2480,0.9076,0.9104,assumed,1818,1957,yes
2037,Projected,BDS,Dental,5,2200,2480,0.9076,0.9104,assumed,1818,1980,yes
2038,Projected,BDS,Dental,5,2200,2480,0.9076,0.9104,assumed,1818,2003,yes
2039,Projected,BDS,Dental,5,2200,2480,0.9076,0.9104,assumed,1818,2026,yes
2040,Projected,BDS,Dental,5,2200,2480,0.9076,0.9104,assumed,1818,2049,yes
2041,Projected,BDS,Dental,5,2200,2480,0.9076,0.9104,assumed,1818,2049,yes
2042,Projected,BDS,Dental,5,2200,2480,0.9076,0.9104,assumed,1818,2049,yes
2043,Projected,BDS,Dental,5,2200,2480,0.9076,0.9104,assumed,1818,2049,yes
2044,Projected,BDS,Dental,5,2200,2480,0.9076,0.9104,assumed,1818,2049,yes
2045,Projected,BDS,Dental,5,2200,2480,0.9076,0.9104,assumed,1818,2049,yes
2046,Projected,BDS,Dental,5,2200,2480,0.9076,0.9104,assumed,1818,2049,yes
2047,Projected,BDS,Dental,5,2200,2480,0.9076,0.9104,assumed,1818,2049,yes
2048,Projected,BDS,Dental,5,2200,2480,0.9076,0.9104,assumed,1818,2049,yes
2049,Projected,BDS,Dental,5,2200,2480,0.9076,0.9104,assumed,1818,2049,yes
2050,Projected,BDS,Dental,5,2200,2480,0.9076,0.9104,assumed,1818,2049,yes
2021,Observed,MDS,Dental,3,435,373,0.9192,0.9912,observed (2 cohort matches),,,"no, partial"
2022,Observed,MDS,Dental,3,435,375,0.9192,0.9912,observed (2 cohort matches),,,"no, partial"
2023,Observed,MDS,Dental,3,435,392,0.9192,0.9912,observed (2 cohort matches),,,"no, partial"
2024,Observed,MDS,Dental,3,435,429,0.9192,0.9912,observed (2 cohort matches),396,340,"no, partial"
2025,Observed,MDS,Dental,3,435,435,0.9192,0.9912,observed (2 cohort matches),396,342,"no, partial"
2026,Projected,MDS,Dental,3,435,453,0.9192,0.9912,observed (2 cohort matches),396,357,"no, partial"
2027,Projected,MDS,Dental,3,435,471,0.9192,0.9912,observed (2 cohort matches),396,391,yes
2028,Projected,MDS,Dental,3,435,488,0.9192,0.9912,observed (2 cohort matches),396,396,yes
2029,Projected,MDS,Dental,3,435,506,0.9192,0.9912,observed (2 cohort matches),396,413,yes
2030,Projected,MDS,Dental,3,435,524,0.9192,0.9912,observed (2 cohort matches),396,429,yes
2031,Projected,MDS,Dental,3,435,542,0.9192,0.9912,observed (2 cohort matches),396,445,yes
2032,Projected,MDS,Dental,3,435,560,0.9192,0.9912,observed (2 cohort matches),396,461,yes
2033,Projected,MDS,Dental,3,435,577,0.9192,0.9912,observed (2 cohort matches),396,477,yes
2034,Projected,MDS,Dental,3,435,595,0.9192,0.9912,observed (2 cohort matches),396,494,yes
2035,Projected,MDS,Dental,3,435,613,0.9192,0.9912,observed (2 cohort matches),396,510,yes
2036,Projected,MDS,Dental,3,435,613,0.9192,0.9912,observed (2 cohort matches),396,526,yes
2037,Projected,MDS,Dental,3,435,613,0.9192,0.9912,observed (2 cohort matches),396,542,yes
2038,Projected,MDS,Dental,3,435,613,0.9192,0.9912,observed (2 cohort matches),396,559,yes
2039,Projected,MDS,Dental,3,435,613,0.9192,0.9912,observed (2 cohort matches),396,559,yes
2040,Projected,MDS,Dental,3,435,613,0.9192,0.9912,observed (2 cohort matches),396,559,yes
2041,Projected,MDS,Dental,3,435,613,0.9192,0.9912,observed (2 cohort matches),396,559,yes
2042,Projected,MDS,Dental,3,435,613,0.9192,0.9912,observed (2 cohort matches),396,559,yes
2043,Projected,MDS,Dental,3,435,613,0.9192,0.9912,observed (2 cohort matches),396,559,yes
2044,Projected,MDS,Dental,3,435,613,0.9192,0.9912,observed (2 cohort matches),396,559,yes
2045,Projected,MDS,Dental,3,435,613,0.9192,0.9912,observed (2 cohort matches),396,559,yes
2046,Projected,MDS,Dental,3,435,613,0.9192,0.9912,observed (2 cohort matches),396,559,yes
2047,Projected,MDS,Dental,3,435,613,0.9192,0.9912,observed (2 cohort matches),396,559,yes
2048,Projected,MDS,Dental,3,435,613,0.9192,0.9912,observed (2 cohort matches),396,559,yes
2049,Projected,MDS,Dental,3,435,613,0.9192,0.9912,observed (2 cohort matches),396,559,yes
2050,Projected,MDS,Dental,3,435,613,0.9192,0.9912,observed (2 cohort matches),396,559,yes
2021,Observed,B.Pharm,Pharmacy,4,10130,7230,0.9348,0.8220,observed (1 cohort match),,,"no, partial"
2022,Observed,B.Pharm,Pharmacy,4,10130,7270,0.9348,0.8220,observed (1 cohort match),,,"no, partial"
2023,Observed,B.Pharm,Pharmacy,4,10130,8350,0.9348,0.8220,observed (1 cohort match),,,"no, partial"
2024,Observed,B.Pharm,Pharmacy,4,10130,9270,0.9348,0.8220,observed (1 cohort match),,,"no, partial"
2025,Observed,B.Pharm,Pharmacy,4,10130,10130,0.9348,0.8220,observed (1 cohort match),7784,5555,"no, partial"
2026,Projected,B.Pharm,Pharmacy,4,10130,10910,0.9348,0.8220,observed (1 cohort match),7784,5586,"no, partial"
2027,Projected,B.Pharm,Pharmacy,4,10130,11690,0.9348,0.8220,observed (1 cohort match),7784,6416,yes
2028,Projected,B.Pharm,Pharmacy,4,10130,12470,0.9348,0.8220,observed (1 cohort match),7784,7123,yes
2029,Projected,B.Pharm,Pharmacy,4,10130,13250,0.9348,0.8220,observed (1 cohort match),7784,7784,yes
2030,Projected,B.Pharm,Pharmacy,4,10130,14030,0.9348,0.8220,observed (1 cohort match),7784,8383,yes
2031,Projected,B.Pharm,Pharmacy,4,10130,14810,0.9348,0.8220,observed (1 cohort match),7784,8983,yes
2032,Projected,B.Pharm,Pharmacy,4,10130,15590,0.9348,0.8220,observed (1 cohort match),7784,9582,yes
2033,Projected,B.Pharm,Pharmacy,4,10130,16370,0.9348,0.8220,observed (1 cohort match),7784,10181,yes
2034,Projected,B.Pharm,Pharmacy,4,10130,17150,0.9348,0.8220,observed (1 cohort match),7784,10781,yes
2035,Projected,B.Pharm,Pharmacy,4,10130,17930,0.9348,0.8220,observed (1 cohort match),7784,11380,yes
2036,Projected,B.Pharm,Pharmacy,4,10130,17930,0.9348,0.8220,observed (1 cohort match),7784,11979,yes
2037,Projected,B.Pharm,Pharmacy,4,10130,17930,0.9348,0.8220,observed (1 cohort match),7784,12579,yes
2038,Projected,B.Pharm,Pharmacy,4,10130,17930,0.9348,0.8220,observed (1 cohort match),7784,13178,yes
2039,Projected,B.Pharm,Pharmacy,4,10130,17930,0.9348,0.8220,observed (1 cohort match),7784,13777,yes
2040,Projected,B.Pharm,Pharmacy,4,10130,17930,0.9348,0.8220,observed (1 cohort match),7784,13777,yes
2041,Projected,B.Pharm,Pharmacy,4,10130,17930,0.9348,0.8220,observed (1 cohort match),7784,13777,yes
2042,Projected,B.Pharm,Pharmacy,4,10130,17930,0.9348,0.8220,observed (1 cohort match),7784,13777,yes
2043,Projected,B.Pharm,Pharmacy,4,10130,17930,0.9348,0.8220,observed (1 cohort match),7784,13777,yes
2044,Projected,B.Pharm,Pharmacy,4,10130,17930,0.9348,0.8220,observed (1 cohort match),7784,13777,yes
2045,Projected,B.Pharm,Pharmacy,4,10130,17930,0.9348,0.8220,observed (1 cohort match),7784,13777,yes
2046,Projected,B.Pharm,Pharmacy,4,10130,17930,0.9348,0.8220,observed (1 cohort match),7784,13777,yes
2047,Projected,B.Pharm,Pharmacy,4,10130,17930,0.9348,0.8220,observed (1 cohort match),7784,13777,yes
2048,Projected,B.Pharm,Pharmacy,4,10130,17930,0.9348,0.8220,observed (1 cohort match),7784,13777,yes
2049,Projected,B.Pharm,Pharmacy,4,10130,17930,0.9348,0.8220,observed (1 cohort match),7784,13777,yes
2050,Projected,B.Pharm,Pharmacy,4,10130,17930,0.9348,0.8220,observed (1 cohort match),7784,13777,yes
2021,Observed,M.Pharm,Pharmacy,2,2309,1270,0.6743,0.9314,observed (3 cohort matches),,,"no, partial"
2022,Observed,M.Pharm,Pharmacy,2,2309,1058,0.6743,0.9314,observed (3 cohort matches),,,"no, partial"
2023,Observed,M.Pharm,Pharmacy,2,2309,1558,0.6743,0.9314,observed (3 cohort matches),1450,798,"no, partial"
2024,Observed,M.Pharm,Pharmacy,2,2309,1927,0.6743,0.9314,observed (3 cohort matches),1450,665,"no, partial"
2025,Observed,M.Pharm,Pharmacy,2,2309,2309,0.6743,0.9314,observed (3 cohort matches),1450,979,"no, partial"
2026,Projected,M.Pharm,Pharmacy,2,2309,2604,0.6743,0.9314,observed (3 cohort matches),1450,1210,"no, partial"
2027,Projected,M.Pharm,Pharmacy,2,2309,2898,0.6743,0.9314,observed (3 cohort matches),1450,1450,yes
2028,Projected,M.Pharm,Pharmacy,2,2309,3193,0.6743,0.9314,observed (3 cohort matches),1450,1635,yes
2029,Projected,M.Pharm,Pharmacy,2,2309,3488,0.6743,0.9314,observed (3 cohort matches),1450,1820,yes
2030,Projected,M.Pharm,Pharmacy,2,2309,3782,0.6743,0.9314,observed (3 cohort matches),1450,2006,yes
2031,Projected,M.Pharm,Pharmacy,2,2309,4077,0.6743,0.9314,observed (3 cohort matches),1450,2191,yes
2032,Projected,M.Pharm,Pharmacy,2,2309,4372,0.6743,0.9314,observed (3 cohort matches),1450,2376,yes
2033,Projected,M.Pharm,Pharmacy,2,2309,4667,0.6743,0.9314,observed (3 cohort matches),1450,2561,yes
2034,Projected,M.Pharm,Pharmacy,2,2309,4961,0.6743,0.9314,observed (3 cohort matches),1450,2746,yes
2035,Projected,M.Pharm,Pharmacy,2,2309,5256,0.6743,0.9314,observed (3 cohort matches),1450,2931,yes
2036,Projected,M.Pharm,Pharmacy,2,2309,5256,0.6743,0.9314,observed (3 cohort matches),1450,3116,yes
2037,Projected,M.Pharm,Pharmacy,2,2309,5256,0.6743,0.9314,observed (3 cohort matches),1450,3301,yes
2038,Projected,M.Pharm,Pharmacy,2,2309,5256,0.6743,0.9314,observed (3 cohort matches),1450,3301,yes
2039,Projected,M.Pharm,Pharmacy,2,2309,5256,0.6743,0.9314,observed (3 cohort matches),1450,3301,yes
2040,Projected,M.Pharm,Pharmacy,2,2309,5256,0.6743,0.9314,observed (3 cohort matches),1450,3301,yes
2041,Projected,M.Pharm,Pharmacy,2,2309,5256,0.6743,0.9314,observed (3 cohort matches),1450,3301,yes
2042,Projected,M.Pharm,Pharmacy,2,2309,5256,0.6743,0.9314,observed (3 cohort matches),1450,3301,yes
2043,Projected,M.Pharm,Pharmacy,2,2309,5256,0.6743,0.9314,observed (3 cohort matches),1450,3301,yes
2044,Projected,M.Pharm,Pharmacy,2,2309,5256,0.6743,0.9314,observed (3 cohort matches),1450,3301,yes
2045,Projected,M.Pharm,Pharmacy,2,2309,5256,0.6743,0.9314,observed (3 cohort matches),1450,3301,yes
2046,Projected,M.Pharm,Pharmacy,2,2309,5256,0.6743,0.9314,observed (3 cohort matches),1450,3301,yes
2047,Projected,M.Pharm,Pharmacy,2,2309,5256,0.6743,0.9314,observed (3 cohort matches),1450,3301,yes
2048,Projected,M.Pharm,Pharmacy,2,2309,5256,0.6743,0.9314,observed (3 cohort matches),1450,3301,yes
2049,Projected,M.Pharm,Pharmacy,2,2309,5256,0.6743,0.9314,observed (3 cohort matches),1450,3301,yes
2050,Projected,M.Pharm,Pharmacy,2,2309,5256,0.6743,0.9314,observed (3 cohort matches),1450,3301,yes
2021,Observed,Pharm.D,Pharmacy,6,1560,720,0.9185,0.9104,assumed,,,"no, partial"
2022,Observed,Pharm.D,Pharmacy,6,1560,870,0.9185,0.9104,assumed,,,"no, partial"
2023,Observed,Pharm.D,Pharmacy,6,1560,1050,0.9185,0.9104,assumed,,,"no, partial"
2024,Observed,Pharm.D,Pharmacy,6,1560,1260,0.9185,0.9104,assumed,,,"no, partial"
2025,Observed,Pharm.D,Pharmacy,6,1560,1560,0.9185,0.9104,assumed,,,"no, partial"
2026,Projected,Pharm.D,Pharmacy,6,1560,1767,0.9185,0.9104,assumed,,,"no, partial"
2027,Projected,Pharm.D,Pharmacy,6,1560,1974,0.9185,0.9104,assumed,1304,602,yes
2028,Projected,Pharm.D,Pharmacy,6,1560,2181,0.9185,0.9104,assumed,1304,727,yes
2029,Projected,Pharm.D,Pharmacy,6,1560,2388,0.9185,0.9104,assumed,1304,878,yes
2030,Projected,Pharm.D,Pharmacy,6,1560,2595,0.9185,0.9104,assumed,1304,1054,yes
2031,Projected,Pharm.D,Pharmacy,6,1560,2802,0.9185,0.9104,assumed,1304,1304,yes
2032,Projected,Pharm.D,Pharmacy,6,1560,3009,0.9185,0.9104,assumed,1304,1478,yes
2033,Projected,Pharm.D,Pharmacy,6,1560,3216,0.9185,0.9104,assumed,1304,1651,yes
2034,Projected,Pharm.D,Pharmacy,6,1560,3423,0.9185,0.9104,assumed,1304,1824,yes
2035,Projected,Pharm.D,Pharmacy,6,1560,3630,0.9185,0.9104,assumed,1304,1997,yes
2036,Projected,Pharm.D,Pharmacy,6,1560,3630,0.9185,0.9104,assumed,1304,2170,yes
2037,Projected,Pharm.D,Pharmacy,6,1560,3630,0.9185,0.9104,assumed,1304,2343,yes
2038,Projected,Pharm.D,Pharmacy,6,1560,3630,0.9185,0.9104,assumed,1304,2516,yes
2039,Projected,Pharm.D,Pharmacy,6,1560,3630,0.9185,0.9104,assumed,1304,2689,yes
2040,Projected,Pharm.D,Pharmacy,6,1560,3630,0.9185,0.9104,assumed,1304,2862,yes
2041,Projected,Pharm.D,Pharmacy,6,1560,3630,0.9185,0.9104,assumed,1304,3035,yes
2042,Projected,Pharm.D,Pharmacy,6,1560,3630,0.9185,0.9104,assumed,1304,3035,yes
2043,Projected,Pharm.D,Pharmacy,6,1560,3630,0.9185,0.9104,assumed,1304,3035,yes
2044,Projected,Pharm.D,Pharmacy,6,1560,3630,0.9185,0.9104,assumed,1304,3035,yes
2045,Projected,Pharm.D,Pharmacy,6,1560,3630,0.9185,0.9104,assumed,1304,3035,yes
2046,Projected,Pharm.D,Pharmacy,6,1560,3630,0.9185,0.9104,assumed,1304,3035,yes
2047,Projected,Pharm.D,Pharmacy,6,1560,3630,0.9185,0.9104,assumed,1304,3035,yes
2048,Projected,Pharm.D,Pharmacy,6,1560,3630,0.9185,0.9104,assumed,1304,3035,yes
2049,Projected,Pharm.D,Pharmacy,6,1560,3630,0.9185,0.9104,assumed,1304,3035,yes
2050,Projected,Pharm.D,Pharmacy,6,1560,3630,0.9185,0.9104,assumed,1304,3035,yes
2021,Observed,BPT,Rehabilitation,5,3348,2898,0.8909,0.9104,assumed,,,"no, partial"
2022,Observed,BPT,Rehabilitation,5,3348,3048,0.8909,0.9104,assumed,,,"no, partial"
2023,Observed,BPT,Rehabilitation,5,3348,3148,0.8909,0.9104,assumed,,,"no, partial"
2024,Observed,BPT,Rehabilitation,5,3348,3348,0.8909,0.9104,assumed,,,"no, partial"
2025,Observed,BPT,Rehabilitation,5,3348,3493,0.8909,0.9104,assumed,,,"no, partial"
2026,Projected,BPT,Rehabilitation,5,3348,3638,0.8909,0.9104,assumed,2715,2350,"no, partial"
2027,Projected,BPT,Rehabilitation,5,3348,3783,0.8909,0.9104,assumed,2715,2472,yes
2028,Projected,BPT,Rehabilitation,5,3348,3928,0.8909,0.9104,assumed,2715,2553,yes
2029,Projected,BPT,Rehabilitation,5,3348,4073,0.8909,0.9104,assumed,2715,2715,yes
2030,Projected,BPT,Rehabilitation,5,3348,4218,0.8909,0.9104,assumed,2715,2833,yes
2031,Projected,BPT,Rehabilitation,5,3348,4363,0.8909,0.9104,assumed,2715,2951,yes
2032,Projected,BPT,Rehabilitation,5,3348,4508,0.8909,0.9104,assumed,2715,3068,yes
2033,Projected,BPT,Rehabilitation,5,3348,4653,0.8909,0.9104,assumed,2715,3186,yes
2034,Projected,BPT,Rehabilitation,5,3348,4798,0.8909,0.9104,assumed,2715,3303,yes
2035,Projected,BPT,Rehabilitation,5,3348,4943,0.8909,0.9104,assumed,2715,3421,yes
2036,Projected,BPT,Rehabilitation,5,3348,4943,0.8909,0.9104,assumed,2715,3539,yes
2037,Projected,BPT,Rehabilitation,5,3348,4943,0.8909,0.9104,assumed,2715,3656,yes
2038,Projected,BPT,Rehabilitation,5,3348,4943,0.8909,0.9104,assumed,2715,3774,yes
2039,Projected,BPT,Rehabilitation,5,3348,4943,0.8909,0.9104,assumed,2715,3891,yes
2040,Projected,BPT,Rehabilitation,5,3348,4943,0.8909,0.9104,assumed,2715,4009,yes
2041,Projected,BPT,Rehabilitation,5,3348,4943,0.8909,0.9104,assumed,2715,4009,yes
2042,Projected,BPT,Rehabilitation,5,3348,4943,0.8909,0.9104,assumed,2715,4009,yes
2043,Projected,BPT,Rehabilitation,5,3348,4943,0.8909,0.9104,assumed,2715,4009,yes
2044,Projected,BPT,Rehabilitation,5,3348,4943,0.8909,0.9104,assumed,2715,4009,yes
2045,Projected,BPT,Rehabilitation,5,3348,4943,0.8909,0.9104,assumed,2715,4009,yes
2046,Projected,BPT,Rehabilitation,5,3348,4943,0.8909,0.9104,assumed,2715,4009,yes
2047,Projected,BPT,Rehabilitation,5,3348,4943,0.8909,0.9104,assumed,2715,4009,yes
2048,Projected,BPT,Rehabilitation,5,3348,4943,0.8909,0.9104,assumed,2715,4009,yes
2049,Projected,BPT,Rehabilitation,5,3348,4943,0.8909,0.9104,assumed,2715,4009,yes
2050,Projected,BPT,Rehabilitation,5,3348,4943,0.8909,0.9104,assumed,2715,4009,yes
2021,Observed,MPT,Rehabilitation,2,375,367,0.9443,0.9751,observed (3 cohort matches),,,"no, partial"
2022,Observed,MPT,Rehabilitation,2,375,369,0.9443,0.9751,observed (3 cohort matches),,,"no, partial"
2023,Observed,MPT,Rehabilitation,2,375,379,0.9443,0.9751,observed (3 cohort matches),345,338,"no, partial"
2024,Observed,MPT,Rehabilitation,2,375,375,0.9443,0.9751,observed (3 cohort matches),345,340,"no, partial"
2025,Observed,MPT,Rehabilitation,2,375,378,0.9443,0.9751,observed (3 cohort matches),345,349,"no, partial"
2026,Projected,MPT,Rehabilitation,2,375,382,0.9443,0.9751,observed (3 cohort matches),345,345,"no, partial"
2027,Projected,MPT,Rehabilitation,2,375,385,0.9443,0.9751,observed (3 cohort matches),345,348,yes
2028,Projected,MPT,Rehabilitation,2,375,389,0.9443,0.9751,observed (3 cohort matches),345,352,yes
2029,Projected,MPT,Rehabilitation,2,375,392,0.9443,0.9751,observed (3 cohort matches),345,355,yes
2030,Projected,MPT,Rehabilitation,2,375,395,0.9443,0.9751,observed (3 cohort matches),345,358,yes
2031,Projected,MPT,Rehabilitation,2,375,399,0.9443,0.9751,observed (3 cohort matches),345,361,yes
2032,Projected,MPT,Rehabilitation,2,375,402,0.9443,0.9751,observed (3 cohort matches),345,364,yes
2033,Projected,MPT,Rehabilitation,2,375,406,0.9443,0.9751,observed (3 cohort matches),345,367,yes
2034,Projected,MPT,Rehabilitation,2,375,409,0.9443,0.9751,observed (3 cohort matches),345,370,yes
2035,Projected,MPT,Rehabilitation,2,375,412,0.9443,0.9751,observed (3 cohort matches),345,373,yes
2036,Projected,MPT,Rehabilitation,2,375,412,0.9443,0.9751,observed (3 cohort matches),345,377,yes
2037,Projected,MPT,Rehabilitation,2,375,412,0.9443,0.9751,observed (3 cohort matches),345,380,yes
2038,Projected,MPT,Rehabilitation,2,375,412,0.9443,0.9751,observed (3 cohort matches),345,380,yes
2039,Projected,MPT,Rehabilitation,2,375,412,0.9443,0.9751,observed (3 cohort matches),345,380,yes
2040,Projected,MPT,Rehabilitation,2,375,412,0.9443,0.9751,observed (3 cohort matches),345,380,yes
2041,Projected,MPT,Rehabilitation,2,375,412,0.9443,0.9751,observed (3 cohort matches),345,380,yes
2042,Projected,MPT,Rehabilitation,2,375,412,0.9443,0.9751,observed (3 cohort matches),345,380,yes
2043,Projected,MPT,Rehabilitation,2,375,412,0.9443,0.9751,observed (3 cohort matches),345,380,yes
2044,Projected,MPT,Rehabilitation,2,375,412,0.9443,0.9751,observed (3 cohort matches),345,380,yes
2045,Projected,MPT,Rehabilitation,2,375,412,0.9443,0.9751,observed (3 cohort matches),345,380,yes
2046,Projected,MPT,Rehabilitation,2,375,412,0.9443,0.9751,observed (3 cohort matches),345,380,yes
2047,Projected,MPT,Rehabilitation,2,375,412,0.9443,0.9751,observed (3 cohort matches),345,380,yes
2048,Projected,MPT,Rehabilitation,2,375,412,0.9443,0.9751,observed (3 cohort matches),345,380,yes
2049,Projected,MPT,Rehabilitation,2,375,412,0.9443,0.9751,observed (3 cohort matches),345,380,yes
2050,Projected,MPT,Rehabilitation,2,375,412,0.9443,0.9751,observed (3 cohort matches),345,380,yes
2021,Observed,BOT,Rehabilitation,5,728,568,0.6746,0.9104,assumed,,,"no, partial"
2022,Observed,BOT,Rehabilitation,5,728,618,0.6746,0.9104,assumed,,,"no, partial"
2023,Observed,BOT,Rehabilitation,5,728,618,0.6746,0.9104,assumed,,,"no, partial"
2024,Observed,BOT,Rehabilitation,5,728,728,0.6746,0.9104,assumed,,,"no, partial"
2025,Observed,BOT,Rehabilitation,5,728,776,0.6746,0.9104,assumed,,,"no, partial"
2026,Projected,BOT,Rehabilitation,5,728,824,0.6746,0.9104,assumed,447,349,"no, partial"
2027,Projected,BOT,Rehabilitation,5,728,872,0.6746,0.9104,assumed,447,380,yes
2028,Projected,BOT,Rehabilitation,5,728,920,0.6746,0.9104,assumed,447,380,yes
2029,Projected,BOT,Rehabilitation,5,728,968,0.6746,0.9104,assumed,447,447,yes
2030,Projected,BOT,Rehabilitation,5,728,1016,0.6746,0.9104,assumed,447,477,yes
2031,Projected,BOT,Rehabilitation,5,728,1064,0.6746,0.9104,assumed,447,506,yes
2032,Projected,BOT,Rehabilitation,5,728,1112,0.6746,0.9104,assumed,447,536,yes
2033,Projected,BOT,Rehabilitation,5,728,1160,0.6746,0.9104,assumed,447,565,yes
2034,Projected,BOT,Rehabilitation,5,728,1208,0.6746,0.9104,assumed,447,594,yes
2035,Projected,BOT,Rehabilitation,5,728,1256,0.6746,0.9104,assumed,447,624,yes
2036,Projected,BOT,Rehabilitation,5,728,1256,0.6746,0.9104,assumed,447,653,yes
2037,Projected,BOT,Rehabilitation,5,728,1256,0.6746,0.9104,assumed,447,683,yes
2038,Projected,BOT,Rehabilitation,5,728,1256,0.6746,0.9104,assumed,447,712,yes
2039,Projected,BOT,Rehabilitation,5,728,1256,0.6746,0.9104,assumed,447,742,yes
2040,Projected,BOT,Rehabilitation,5,728,1256,0.6746,0.9104,assumed,447,771,yes
2041,Projected,BOT,Rehabilitation,5,728,1256,0.6746,0.9104,assumed,447,771,yes
2042,Projected,BOT,Rehabilitation,5,728,1256,0.6746,0.9104,assumed,447,771,yes
2043,Projected,BOT,Rehabilitation,5,728,1256,0.6746,0.9104,assumed,447,771,yes
2044,Projected,BOT,Rehabilitation,5,728,1256,0.6746,0.9104,assumed,447,771,yes
2045,Projected,BOT,Rehabilitation,5,728,1256,0.6746,0.9104,assumed,447,771,yes
2046,Projected,BOT,Rehabilitation,5,728,1256,0.6746,0.9104,assumed,447,771,yes
2047,Projected,BOT,Rehabilitation,5,728,1256,0.6746,0.9104,assumed,447,771,yes
2048,Projected,BOT,Rehabilitation,5,728,1256,0.6746,0.9104,assumed,447,771,yes
2049,Projected,BOT,Rehabilitation,5,728,1256,0.6746,0.9104,assumed,447,771,yes
2050,Projected,BOT,Rehabilitation,5,728,1256,0.6746,0.9104,assumed,447,771,yes
2021,Observed,MOT,Rehabilitation,2,39,30,0.7385,0.9333,observed (3 cohort matches),,,"no, partial"
2022,Observed,MOT,Rehabilitation,2,39,22,0.7385,0.9333,observed (3 cohort matches),,,"no, partial"
2023,Observed,MOT,Rehabilitation,2,39,39,0.7385,0.9333,observed (3 cohort matches),27,21,"no, partial"
2024,Observed,MOT,Rehabilitation,2,39,39,0.7385,0.9333,observed (3 cohort matches),27,15,"no, partial"
2025,Observed,MOT,Rehabilitation,2,39,43,0.7385,0.9333,observed (3 cohort matches),27,27,"no, partial"
2026,Projected,MOT,Rehabilitation,2,39,48,0.7385,0.9333,observed (3 cohort matches),27,27,"no, partial"
2027,Projected,MOT,Rehabilitation,2,39,52,0.7385,0.9333,observed (3 cohort matches),27,30,yes
2028,Projected,MOT,Rehabilitation,2,39,57,0.7385,0.9333,observed (3 cohort matches),27,33,yes
2029,Projected,MOT,Rehabilitation,2,39,61,0.7385,0.9333,observed (3 cohort matches),27,36,yes
2030,Projected,MOT,Rehabilitation,2,39,65,0.7385,0.9333,observed (3 cohort matches),27,39,yes
2031,Projected,MOT,Rehabilitation,2,39,70,0.7385,0.9333,observed (3 cohort matches),27,42,yes
2032,Projected,MOT,Rehabilitation,2,39,74,0.7385,0.9333,observed (3 cohort matches),27,45,yes
2033,Projected,MOT,Rehabilitation,2,39,79,0.7385,0.9333,observed (3 cohort matches),27,48,yes
2034,Projected,MOT,Rehabilitation,2,39,83,0.7385,0.9333,observed (3 cohort matches),27,51,yes
2035,Projected,MOT,Rehabilitation,2,39,87,0.7385,0.9333,observed (3 cohort matches),27,54,yes
2036,Projected,MOT,Rehabilitation,2,39,87,0.7385,0.9333,observed (3 cohort matches),27,57,yes
2037,Projected,MOT,Rehabilitation,2,39,87,0.7385,0.9333,observed (3 cohort matches),27,60,yes
2038,Projected,MOT,Rehabilitation,2,39,87,0.7385,0.9333,observed (3 cohort matches),27,60,yes
2039,Projected,MOT,Rehabilitation,2,39,87,0.7385,0.9333,observed (3 cohort matches),27,60,yes
2040,Projected,MOT,Rehabilitation,2,39,87,0.7385,0.9333,observed (3 cohort matches),27,60,yes
2041,Projected,MOT,Rehabilitation,2,39,87,0.7385,0.9333,observed (3 cohort matches),27,60,yes
2042,Projected,MOT,Rehabilitation,2,39,87,0.7385,0.9333,observed (3 cohort matches),27,60,yes
2043,Projected,MOT,Rehabilitation,2,39,87,0.7385,0.9333,observed (3 cohort matches),27,60,yes
2044,Projected,MOT,Rehabilitation,2,39,87,0.7385,0.9333,observed (3 cohort matches),27,60,yes
2045,Projected,MOT,Rehabilitation,2,39,87,0.7385,0.9333,observed (3 cohort matches),27,60,yes
2046,Projected,MOT,Rehabilitation,2,39,87,0.7385,0.9333,observed (3 cohort matches),27,60,yes
2047,Projected,MOT,Rehabilitation,2,39,87,0.7385,0.9333,observed (3 cohort matches),27,60,yes
2048,Projected,MOT,Rehabilitation,2,39,87,0.7385,0.9333,observed (3 cohort matches),27,60,yes
2049,Projected,MOT,Rehabilitation,2,39,87,0.7385,0.9333,observed (3 cohort matches),27,60,yes
2050,Projected,MOT,Rehabilitation,2,39,87,0.7385,0.9333,observed (3 cohort matches),27,60,yes
2021,Observed,BAMS (Ayurveda),AYUSH,6,330,370,0.8394,0.9104,assumed,,,"no, partial"
2022,Observed,BAMS (Ayurveda),AYUSH,6,330,370,0.8394,0.9104,assumed,,,"no, partial"
2023,Observed,BAMS (Ayurveda),AYUSH,6,330,312,0.8394,0.9104,assumed,,,"no, partial"
2024,Observed,BAMS (Ayurveda),AYUSH,6,330,330,0.8394,0.9104,assumed,,,"no, partial"
2025,Observed,BAMS (Ayurveda),AYUSH,6,330,330,0.8394,0.9104,assumed,,,"no, partial"
2026,Projected,BAMS (Ayurveda),AYUSH,6,330,318,0.8394,0.9104,assumed,,,"no, partial"
2027,Projected,BAMS (Ayurveda),AYUSH,6,330,306,0.8394,0.9104,assumed,252,283,yes
2028,Projected,BAMS (Ayurveda),AYUSH,6,330,294,0.8394,0.9104,assumed,252,283,yes
2029,Projected,BAMS (Ayurveda),AYUSH,6,330,282,0.8394,0.9104,assumed,252,238,yes
2030,Projected,BAMS (Ayurveda),AYUSH,6,330,270,0.8394,0.9104,assumed,252,252,yes
2031,Projected,BAMS (Ayurveda),AYUSH,6,330,258,0.8394,0.9104,assumed,252,252,yes
2032,Projected,BAMS (Ayurveda),AYUSH,6,330,246,0.8394,0.9104,assumed,252,243,yes
2033,Projected,BAMS (Ayurveda),AYUSH,6,330,234,0.8394,0.9104,assumed,252,234,yes
2034,Projected,BAMS (Ayurveda),AYUSH,6,330,222,0.8394,0.9104,assumed,252,225,yes
2035,Projected,BAMS (Ayurveda),AYUSH,6,330,210,0.8394,0.9104,assumed,252,215,yes
2036,Projected,BAMS (Ayurveda),AYUSH,6,330,210,0.8394,0.9104,assumed,252,206,yes
2037,Projected,BAMS (Ayurveda),AYUSH,6,330,210,0.8394,0.9104,assumed,252,197,yes
2038,Projected,BAMS (Ayurveda),AYUSH,6,330,210,0.8394,0.9104,assumed,252,188,yes
2039,Projected,BAMS (Ayurveda),AYUSH,6,330,210,0.8394,0.9104,assumed,252,179,yes
2040,Projected,BAMS (Ayurveda),AYUSH,6,330,210,0.8394,0.9104,assumed,252,170,yes
2041,Projected,BAMS (Ayurveda),AYUSH,6,330,210,0.8394,0.9104,assumed,252,160,yes
2042,Projected,BAMS (Ayurveda),AYUSH,6,330,210,0.8394,0.9104,assumed,252,160,yes
2043,Projected,BAMS (Ayurveda),AYUSH,6,330,210,0.8394,0.9104,assumed,252,160,yes
2044,Projected,BAMS (Ayurveda),AYUSH,6,330,210,0.8394,0.9104,assumed,252,160,yes
2045,Projected,BAMS (Ayurveda),AYUSH,6,330,210,0.8394,0.9104,assumed,252,160,yes
2046,Projected,BAMS (Ayurveda),AYUSH,6,330,210,0.8394,0.9104,assumed,252,160,yes
2047,Projected,BAMS (Ayurveda),AYUSH,6,330,210,0.8394,0.9104,assumed,252,160,yes
2048,Projected,BAMS (Ayurveda),AYUSH,6,330,210,0.8394,0.9104,assumed,252,160,yes
2049,Projected,BAMS (Ayurveda),AYUSH,6,330,210,0.8394,0.9104,assumed,252,160,yes
2050,Projected,BAMS (Ayurveda),AYUSH,6,330,210,0.8394,0.9104,assumed,252,160,yes
2021,Observed,BSMS (Siddha),AYUSH,6,1040,650,0.8454,0.9104,assumed,,,"no, partial"
2022,Observed,BSMS (Siddha),AYUSH,6,1040,790,0.8454,0.9104,assumed,,,"no, partial"
2023,Observed,BSMS (Siddha),AYUSH,6,1040,890,0.8454,0.9104,assumed,,,"no, partial"
2024,Observed,BSMS (Siddha),AYUSH,6,1040,1040,0.8454,0.9104,assumed,,,"no, partial"
2025,Observed,BSMS (Siddha),AYUSH,6,1040,1040,0.8454,0.9104,assumed,,,"no, partial"
2026,Projected,BSMS (Siddha),AYUSH,6,1040,1143,0.8454,0.9104,assumed,,,"no, partial"
2027,Projected,BSMS (Siddha),AYUSH,6,1040,1246,0.8454,0.9104,assumed,800,500,yes
2028,Projected,BSMS (Siddha),AYUSH,6,1040,1349,0.8454,0.9104,assumed,800,608,yes
2029,Projected,BSMS (Siddha),AYUSH,6,1040,1452,0.8454,0.9104,assumed,800,685,yes
2030,Projected,BSMS (Siddha),AYUSH,6,1040,1555,0.8454,0.9104,assumed,800,800,yes
2031,Projected,BSMS (Siddha),AYUSH,6,1040,1658,0.8454,0.9104,assumed,800,800,yes
2032,Projected,BSMS (Siddha),AYUSH,6,1040,1761,0.8454,0.9104,assumed,800,880,yes
2033,Projected,BSMS (Siddha),AYUSH,6,1040,1864,0.8454,0.9104,assumed,800,959,yes
2034,Projected,BSMS (Siddha),AYUSH,6,1040,1967,0.8454,0.9104,assumed,800,1038,yes
2035,Projected,BSMS (Siddha),AYUSH,6,1040,2070,0.8454,0.9104,assumed,800,1117,yes
2036,Projected,BSMS (Siddha),AYUSH,6,1040,2070,0.8454,0.9104,assumed,800,1197,yes
2037,Projected,BSMS (Siddha),AYUSH,6,1040,2070,0.8454,0.9104,assumed,800,1276,yes
2038,Projected,BSMS (Siddha),AYUSH,6,1040,2070,0.8454,0.9104,assumed,800,1355,yes
2039,Projected,BSMS (Siddha),AYUSH,6,1040,2070,0.8454,0.9104,assumed,800,1435,yes
2040,Projected,BSMS (Siddha),AYUSH,6,1040,2070,0.8454,0.9104,assumed,800,1514,yes
2041,Projected,BSMS (Siddha),AYUSH,6,1040,2070,0.8454,0.9104,assumed,800,1593,yes
2042,Projected,BSMS (Siddha),AYUSH,6,1040,2070,0.8454,0.9104,assumed,800,1593,yes
2043,Projected,BSMS (Siddha),AYUSH,6,1040,2070,0.8454,0.9104,assumed,800,1593,yes
2044,Projected,BSMS (Siddha),AYUSH,6,1040,2070,0.8454,0.9104,assumed,800,1593,yes
2045,Projected,BSMS (Siddha),AYUSH,6,1040,2070,0.8454,0.9104,assumed,800,1593,yes
2046,Projected,BSMS (Siddha),AYUSH,6,1040,2070,0.8454,0.9104,assumed,800,1593,yes
2047,Projected,BSMS (Siddha),AYUSH,6,1040,2070,0.8454,0.9104,assumed,800,1593,yes
2048,Projected,BSMS (Siddha),AYUSH,6,1040,2070,0.8454,0.9104,assumed,800,1593,yes
2049,Projected,BSMS (Siddha),AYUSH,6,1040,2070,0.8454,0.9104,assumed,800,1593,yes
2050,Projected,BSMS (Siddha),AYUSH,6,1040,2070,0.8454,0.9104,assumed,800,1593,yes
2021,Observed,BUMS (Unani),AYUSH,6,60,60,0.9474,0.9104,assumed,,,"no, partial"
2022,Observed,BUMS (Unani),AYUSH,6,60,60,0.9474,0.9104,assumed,,,"no, partial"
2023,Observed,BUMS (Unani),AYUSH,6,60,54,0.9474,0.9104,assumed,,,"no, partial"
2024,Observed,BUMS (Unani),AYUSH,6,60,51,0.9474,0.9104,assumed,,,"no, partial"
2025,Observed,BUMS (Unani),AYUSH,6,60,60,0.9474,0.9104,assumed,,,"no, partial"
2026,Projected,BUMS (Unani),AYUSH,6,60,59,0.9474,0.9104,assumed,,,"no, partial"
2027,Projected,BUMS (Unani),AYUSH,6,60,58,0.9474,0.9104,assumed,52,52,yes
2028,Projected,BUMS (Unani),AYUSH,6,60,57,0.9474,0.9104,assumed,52,52,yes
2029,Projected,BUMS (Unani),AYUSH,6,60,56,0.9474,0.9104,assumed,52,47,yes
2030,Projected,BUMS (Unani),AYUSH,6,60,56,0.9474,0.9104,assumed,52,44,yes
2031,Projected,BUMS (Unani),AYUSH,6,60,55,0.9474,0.9104,assumed,52,52,yes
2032,Projected,BUMS (Unani),AYUSH,6,60,54,0.9474,0.9104,assumed,52,51,yes
2033,Projected,BUMS (Unani),AYUSH,6,60,53,0.9474,0.9104,assumed,52,50,yes
2034,Projected,BUMS (Unani),AYUSH,6,60,52,0.9474,0.9104,assumed,52,49,yes
2035,Projected,BUMS (Unani),AYUSH,6,60,51,0.9474,0.9104,assumed,52,49,yes
2036,Projected,BUMS (Unani),AYUSH,6,60,51,0.9474,0.9104,assumed,52,48,yes
2037,Projected,BUMS (Unani),AYUSH,6,60,51,0.9474,0.9104,assumed,52,47,yes
2038,Projected,BUMS (Unani),AYUSH,6,60,51,0.9474,0.9104,assumed,52,46,yes
2039,Projected,BUMS (Unani),AYUSH,6,60,51,0.9474,0.9104,assumed,52,46,yes
2040,Projected,BUMS (Unani),AYUSH,6,60,51,0.9474,0.9104,assumed,52,45,yes
2041,Projected,BUMS (Unani),AYUSH,6,60,51,0.9474,0.9104,assumed,52,44,yes
2042,Projected,BUMS (Unani),AYUSH,6,60,51,0.9474,0.9104,assumed,52,44,yes
2043,Projected,BUMS (Unani),AYUSH,6,60,51,0.9474,0.9104,assumed,52,44,yes
2044,Projected,BUMS (Unani),AYUSH,6,60,51,0.9474,0.9104,assumed,52,44,yes
2045,Projected,BUMS (Unani),AYUSH,6,60,51,0.9474,0.9104,assumed,52,44,yes
2046,Projected,BUMS (Unani),AYUSH,6,60,51,0.9474,0.9104,assumed,52,44,yes
2047,Projected,BUMS (Unani),AYUSH,6,60,51,0.9474,0.9104,assumed,52,44,yes
2048,Projected,BUMS (Unani),AYUSH,6,60,51,0.9474,0.9104,assumed,52,44,yes
2049,Projected,BUMS (Unani),AYUSH,6,60,51,0.9474,0.9104,assumed,52,44,yes
2050,Projected,BUMS (Unani),AYUSH,6,60,51,0.9474,0.9104,assumed,52,44,yes
2021,Observed,BNYS (Naturopathy),AYUSH,6,2060,1660,0.8292,0.9104,assumed,,,"no, partial"
2022,Observed,BNYS (Naturopathy),AYUSH,6,2060,1658,0.8292,0.9104,assumed,,,"no, partial"
2023,Observed,BNYS (Naturopathy),AYUSH,6,2060,1660,0.8292,0.9104,assumed,,,"no, partial"
2024,Observed,BNYS (Naturopathy),AYUSH,6,2060,1760,0.8292,0.9104,assumed,,,"no, partial"
2025,Observed,BNYS (Naturopathy),AYUSH,6,2060,2060,0.8292,0.9104,assumed,,,"no, partial"
2026,Projected,BNYS (Naturopathy),AYUSH,6,2060,2150,0.8292,0.9104,assumed,,,"no, partial"
2027,Projected,BNYS (Naturopathy),AYUSH,6,2060,2240,0.8292,0.9104,assumed,1555,1253,yes
2028,Projected,BNYS (Naturopathy),AYUSH,6,2060,2331,0.8292,0.9104,assumed,1555,1252,yes
2029,Projected,BNYS (Naturopathy),AYUSH,6,2060,2421,0.8292,0.9104,assumed,1555,1253,yes
2030,Projected,BNYS (Naturopathy),AYUSH,6,2060,2511,0.8292,0.9104,assumed,1555,1329,yes
2031,Projected,BNYS (Naturopathy),AYUSH,6,2060,2601,0.8292,0.9104,assumed,1555,1555,yes
2032,Projected,BNYS (Naturopathy),AYUSH,6,2060,2691,0.8292,0.9104,assumed,1555,1623,yes
2033,Projected,BNYS (Naturopathy),AYUSH,6,2060,2782,0.8292,0.9104,assumed,1555,1691,yes
2034,Projected,BNYS (Naturopathy),AYUSH,6,2060,2872,0.8292,0.9104,assumed,1555,1759,yes
2035,Projected,BNYS (Naturopathy),AYUSH,6,2060,2962,0.8292,0.9104,assumed,1555,1827,yes
2036,Projected,BNYS (Naturopathy),AYUSH,6,2060,2962,0.8292,0.9104,assumed,1555,1895,yes
2037,Projected,BNYS (Naturopathy),AYUSH,6,2060,2962,0.8292,0.9104,assumed,1555,1964,yes
2038,Projected,BNYS (Naturopathy),AYUSH,6,2060,2962,0.8292,0.9104,assumed,1555,2032,yes
2039,Projected,BNYS (Naturopathy),AYUSH,6,2060,2962,0.8292,0.9104,assumed,1555,2100,yes
2040,Projected,BNYS (Naturopathy),AYUSH,6,2060,2962,0.8292,0.9104,assumed,1555,2168,yes
2041,Projected,BNYS (Naturopathy),AYUSH,6,2060,2962,0.8292,0.9104,assumed,1555,2236,yes
2042,Projected,BNYS (Naturopathy),AYUSH,6,2060,2962,0.8292,0.9104,assumed,1555,2236,yes
2043,Projected,BNYS (Naturopathy),AYUSH,6,2060,2962,0.8292,0.9104,assumed,1555,2236,yes
2044,Projected,BNYS (Naturopathy),AYUSH,6,2060,2962,0.8292,0.9104,assumed,1555,2236,yes
2045,Projected,BNYS (Naturopathy),AYUSH,6,2060,2962,0.8292,0.9104,assumed,1555,2236,yes
2046,Projected,BNYS (Naturopathy),AYUSH,6,2060,2962,0.8292,0.9104,assumed,1555,2236,yes
2047,Projected,BNYS (Naturopathy),AYUSH,6,2060,2962,0.8292,0.9104,assumed,1555,2236,yes
2048,Projected,BNYS (Naturopathy),AYUSH,6,2060,2962,0.8292,0.9104,assumed,1555,2236,yes
2049,Projected,BNYS (Naturopathy),AYUSH,6,2060,2962,0.8292,0.9104,assumed,1555,2236,yes
2050,Projected,BNYS (Naturopathy),AYUSH,6,2060,2962,0.8292,0.9104,assumed,1555,2236,yes
2021,Observed,BHMS (Homoeopathy),AYUSH,6,850,910,0.6565,0.9104,assumed,,,"no, partial"
2022,Observed,BHMS (Homoeopathy),AYUSH,6,850,910,0.6565,0.9104,assumed,,,"no, partial"
2023,Observed,BHMS (Homoeopathy),AYUSH,6,850,830,0.6565,0.9104,assumed,,,"no, partial"
2024,Observed,BHMS (Homoeopathy),AYUSH,6,850,870,0.6565,0.9104,assumed,,,"no, partial"
2025,Observed,BHMS (Homoeopathy),AYUSH,6,850,850,0.6565,0.9104,assumed,,,"no, partial"
2026,Projected,BHMS (Homoeopathy),AYUSH,6,850,834,0.6565,0.9104,assumed,,,"no, partial"
2027,Projected,BHMS (Homoeopathy),AYUSH,6,850,818,0.6565,0.9104,assumed,508,544,yes
2028,Projected,BHMS (Homoeopathy),AYUSH,6,850,802,0.6565,0.9104,assumed,508,544,yes
2029,Projected,BHMS (Homoeopathy),AYUSH,6,850,786,0.6565,0.9104,assumed,508,496,yes
2030,Projected,BHMS (Homoeopathy),AYUSH,6,850,770,0.6565,0.9104,assumed,508,520,yes
2031,Projected,BHMS (Homoeopathy),AYUSH,6,850,754,0.6565,0.9104,assumed,508,508,yes
2032,Projected,BHMS (Homoeopathy),AYUSH,6,850,738,0.6565,0.9104,assumed,508,498,yes
2033,Projected,BHMS (Homoeopathy),AYUSH,6,850,722,0.6565,0.9104,assumed,508,489,yes
2034,Projected,BHMS (Homoeopathy),AYUSH,6,850,706,0.6565,0.9104,assumed,508,479,yes
2035,Projected,BHMS (Homoeopathy),AYUSH,6,850,690,0.6565,0.9104,assumed,508,470,yes
2036,Projected,BHMS (Homoeopathy),AYUSH,6,850,690,0.6565,0.9104,assumed,508,460,yes
2037,Projected,BHMS (Homoeopathy),AYUSH,6,850,690,0.6565,0.9104,assumed,508,451,yes
2038,Projected,BHMS (Homoeopathy),AYUSH,6,850,690,0.6565,0.9104,assumed,508,441,yes
2039,Projected,BHMS (Homoeopathy),AYUSH,6,850,690,0.6565,0.9104,assumed,508,432,yes
2040,Projected,BHMS (Homoeopathy),AYUSH,6,850,690,0.6565,0.9104,assumed,508,422,yes
2041,Projected,BHMS (Homoeopathy),AYUSH,6,850,690,0.6565,0.9104,assumed,508,412,yes
2042,Projected,BHMS (Homoeopathy),AYUSH,6,850,690,0.6565,0.9104,assumed,508,412,yes
2043,Projected,BHMS (Homoeopathy),AYUSH,6,850,690,0.6565,0.9104,assumed,508,412,yes
2044,Projected,BHMS (Homoeopathy),AYUSH,6,850,690,0.6565,0.9104,assumed,508,412,yes
2045,Projected,BHMS (Homoeopathy),AYUSH,6,850,690,0.6565,0.9104,assumed,508,412,yes
2046,Projected,BHMS (Homoeopathy),AYUSH,6,850,690,0.6565,0.9104,assumed,508,412,yes
2047,Projected,BHMS (Homoeopathy),AYUSH,6,850,690,0.6565,0.9104,assumed,508,412,yes
2048,Projected,BHMS (Homoeopathy),AYUSH,6,850,690,0.6565,0.9104,assumed,508,412,yes
2049,Projected,BHMS (Homoeopathy),AYUSH,6,850,690,0.6565,0.9104,assumed,508,412,yes
2050,Projected,BHMS (Homoeopathy),AYUSH,6,850,690,0.6565,0.9104,assumed,508,412,yes
2021,Observed,MD Siddha,AYUSH,3,152,152,0.9658,0.9728,observed (1 cohort match),,,"no, partial"
2022,Observed,MD Siddha,AYUSH,3,152,152,0.9658,0.9728,observed (1 cohort match),,,"no, partial"
2023,Observed,MD Siddha,AYUSH,3,152,152,0.9658,0.9728,observed (1 cohort match),,,"no, partial"
2024,Observed,MD Siddha,AYUSH,3,152,152,0.9658,0.9728,observed (1 cohort match),143,143,"no, partial"
2025,Observed,MD Siddha,AYUSH,3,152,152,0.9658,0.9728,observed (1 cohort match),143,143,"no, partial"
2026,Projected,MD Siddha,AYUSH,3,152,152,0.9658,0.9728,observed (1 cohort match),143,143,"no, partial"
2027,Projected,MD Siddha,AYUSH,3,152,152,0.9658,0.9728,observed (1 cohort match),143,143,yes
2028,Projected,MD Siddha,AYUSH,3,152,152,0.9658,0.9728,observed (1 cohort match),143,143,yes
2029,Projected,MD Siddha,AYUSH,3,152,152,0.9658,0.9728,observed (1 cohort match),143,143,yes
2030,Projected,MD Siddha,AYUSH,3,152,152,0.9658,0.9728,observed (1 cohort match),143,143,yes
2031,Projected,MD Siddha,AYUSH,3,152,152,0.9658,0.9728,observed (1 cohort match),143,143,yes
2032,Projected,MD Siddha,AYUSH,3,152,152,0.9658,0.9728,observed (1 cohort match),143,143,yes
2033,Projected,MD Siddha,AYUSH,3,152,152,0.9658,0.9728,observed (1 cohort match),143,143,yes
2034,Projected,MD Siddha,AYUSH,3,152,152,0.9658,0.9728,observed (1 cohort match),143,143,yes
2035,Projected,MD Siddha,AYUSH,3,152,152,0.9658,0.9728,observed (1 cohort match),143,143,yes
2036,Projected,MD Siddha,AYUSH,3,152,152,0.9658,0.9728,observed (1 cohort match),143,143,yes
2037,Projected,MD Siddha,AYUSH,3,152,152,0.9658,0.9728,observed (1 cohort match),143,143,yes
2038,Projected,MD Siddha,AYUSH,3,152,152,0.9658,0.9728,observed (1 cohort match),143,143,yes
2039,Projected,MD Siddha,AYUSH,3,152,152,0.9658,0.9728,observed (1 cohort match),143,143,yes
2040,Projected,MD Siddha,AYUSH,3,152,152,0.9658,0.9728,observed (1 cohort match),143,143,yes
2041,Projected,MD Siddha,AYUSH,3,152,152,0.9658,0.9728,observed (1 cohort match),143,143,yes
2042,Projected,MD Siddha,AYUSH,3,152,152,0.9658,0.9728,observed (1 cohort match),143,143,yes
2043,Projected,MD Siddha,AYUSH,3,152,152,0.9658,0.9728,observed (1 cohort match),143,143,yes
2044,Projected,MD Siddha,AYUSH,3,152,152,0.9658,0.9728,observed (1 cohort match),143,143,yes
2045,Projected,MD Siddha,AYUSH,3,152,152,0.9658,0.9728,observed (1 cohort match),143,143,yes
2046,Projected,MD Siddha,AYUSH,3,152,152,0.9658,0.9728,observed (1 cohort match),143,143,yes
2047,Projected,MD Siddha,AYUSH,3,152,152,0.9658,0.9728,observed (1 cohort match),143,143,yes
2048,Projected,MD Siddha,AYUSH,3,152,152,0.9658,0.9728,observed (1 cohort match),143,143,yes
2049,Projected,MD Siddha,AYUSH,3,152,152,0.9658,0.9728,observed (1 cohort match),143,143,yes
2050,Projected,MD Siddha,AYUSH,3,152,152,0.9658,0.9728,observed (1 cohort match),143,143,yes
2021,Observed,MD Homoeopathy,AYUSH,3,96,55,0.7711,0.7593,observed (1 cohort match),,,"no, partial"
2022,Observed,MD Homoeopathy,AYUSH,3,96,61,0.7711,0.7593,observed (1 cohort match),,,"no, partial"
2023,Observed,MD Homoeopathy,AYUSH,3,96,66,0.7711,0.7593,observed (1 cohort match),,,"no, partial"
2024,Observed,MD Homoeopathy,AYUSH,3,96,102,0.7711,0.7593,observed (1 cohort match),56,32,"no, partial"
2025,Observed,MD Homoeopathy,AYUSH,3,96,96,0.7711,0.7593,observed (1 cohort match),56,36,"no, partial"
2026,Projected,MD Homoeopathy,AYUSH,3,96,108,0.7711,0.7593,observed (1 cohort match),56,39,"no, partial"
2027,Projected,MD Homoeopathy,AYUSH,3,96,121,0.7711,0.7593,observed (1 cohort match),56,60,yes
2028,Projected,MD Homoeopathy,AYUSH,3,96,133,0.7711,0.7593,observed (1 cohort match),56,56,yes
2029,Projected,MD Homoeopathy,AYUSH,3,96,145,0.7711,0.7593,observed (1 cohort match),56,63,yes
2030,Projected,MD Homoeopathy,AYUSH,3,96,157,0.7711,0.7593,observed (1 cohort match),56,71,yes
2031,Projected,MD Homoeopathy,AYUSH,3,96,170,0.7711,0.7593,observed (1 cohort match),56,78,yes
2032,Projected,MD Homoeopathy,AYUSH,3,96,182,0.7711,0.7593,observed (1 cohort match),56,85,yes
2033,Projected,MD Homoeopathy,AYUSH,3,96,194,0.7711,0.7593,observed (1 cohort match),56,92,yes
2034,Projected,MD Homoeopathy,AYUSH,3,96,207,0.7711,0.7593,observed (1 cohort match),56,99,yes
2035,Projected,MD Homoeopathy,AYUSH,3,96,219,0.7711,0.7593,observed (1 cohort match),56,107,yes
2036,Projected,MD Homoeopathy,AYUSH,3,96,219,0.7711,0.7593,observed (1 cohort match),56,114,yes
2037,Projected,MD Homoeopathy,AYUSH,3,96,219,0.7711,0.7593,observed (1 cohort match),56,121,yes
2038,Projected,MD Homoeopathy,AYUSH,3,96,219,0.7711,0.7593,observed (1 cohort match),56,128,yes
2039,Projected,MD Homoeopathy,AYUSH,3,96,219,0.7711,0.7593,observed (1 cohort match),56,128,yes
2040,Projected,MD Homoeopathy,AYUSH,3,96,219,0.7711,0.7593,observed (1 cohort match),56,128,yes
2041,Projected,MD Homoeopathy,AYUSH,3,96,219,0.7711,0.7593,observed (1 cohort match),56,128,yes
2042,Projected,MD Homoeopathy,AYUSH,3,96,219,0.7711,0.7593,observed (1 cohort match),56,128,yes
2043,Projected,MD Homoeopathy,AYUSH,3,96,219,0.7711,0.7593,observed (1 cohort match),56,128,yes
2044,Projected,MD Homoeopathy,AYUSH,3,96,219,0.7711,0.7593,observed (1 cohort match),56,128,yes
2045,Projected,MD Homoeopathy,AYUSH,3,96,219,0.7711,0.7593,observed (1 cohort match),56,128,yes
2046,Projected,MD Homoeopathy,AYUSH,3,96,219,0.7711,0.7593,observed (1 cohort match),56,128,yes
2047,Projected,MD Homoeopathy,AYUSH,3,96,219,0.7711,0.7593,observed (1 cohort match),56,128,yes
2048,Projected,MD Homoeopathy,AYUSH,3,96,219,0.7711,0.7593,observed (1 cohort match),56,128,yes
2049,Projected,MD Homoeopathy,AYUSH,3,96,219,0.7711,0.7593,observed (1 cohort match),56,128,yes
2050,Projected,MD Homoeopathy,AYUSH,3,96,219,0.7711,0.7593,observed (1 cohort match),56,128,yes
2021,Observed,AHS PG (allied),Allied health,2,472,467,0.6516,0.9104,observed (3 cohort matches),,,"no, partial"
2022,Observed,AHS PG (allied),Allied health,2,472,390,0.6516,0.9104,observed (3 cohort matches),,,"no, partial"
2023,Observed,AHS PG (allied),Allied health,2,472,480,0.6516,0.9104,observed (3 cohort matches),280,277,"no, partial"
2024,Observed,AHS PG (allied),Allied health,2,472,470,0.6516,0.9104,observed (3 cohort matches),280,231,"no, partial"
2025,Observed,AHS PG (allied),Allied health,2,472,472,0.6516,0.9104,observed (3 cohort matches),280,285,"no, partial"
2026,Projected,AHS PG (allied),Allied health,2,472,481,0.6516,0.9104,observed (3 cohort matches),280,279,"no, partial"
2027,Projected,AHS PG (allied),Allied health,2,472,490,0.6516,0.9104,observed (3 cohort matches),280,280,yes
2028,Projected,AHS PG (allied),Allied health,2,472,499,0.6516,0.9104,observed (3 cohort matches),280,285,yes
2029,Projected,AHS PG (allied),Allied health,2,472,508,0.6516,0.9104,observed (3 cohort matches),280,291,yes
2030,Projected,AHS PG (allied),Allied health,2,472,517,0.6516,0.9104,observed (3 cohort matches),280,296,yes
2031,Projected,AHS PG (allied),Allied health,2,472,526,0.6516,0.9104,observed (3 cohort matches),280,301,yes
2032,Projected,AHS PG (allied),Allied health,2,472,535,0.6516,0.9104,observed (3 cohort matches),280,307,yes
2033,Projected,AHS PG (allied),Allied health,2,472,544,0.6516,0.9104,observed (3 cohort matches),280,312,yes
2034,Projected,AHS PG (allied),Allied health,2,472,553,0.6516,0.9104,observed (3 cohort matches),280,317,yes
2035,Projected,AHS PG (allied),Allied health,2,472,562,0.6516,0.9104,observed (3 cohort matches),280,323,yes
2036,Projected,AHS PG (allied),Allied health,2,472,562,0.6516,0.9104,observed (3 cohort matches),280,328,yes
2037,Projected,AHS PG (allied),Allied health,2,472,562,0.6516,0.9104,observed (3 cohort matches),280,333,yes
2038,Projected,AHS PG (allied),Allied health,2,472,562,0.6516,0.9104,observed (3 cohort matches),280,333,yes
2039,Projected,AHS PG (allied),Allied health,2,472,562,0.6516,0.9104,observed (3 cohort matches),280,333,yes
2040,Projected,AHS PG (allied),Allied health,2,472,562,0.6516,0.9104,observed (3 cohort matches),280,333,yes
2041,Projected,AHS PG (allied),Allied health,2,472,562,0.6516,0.9104,observed (3 cohort matches),280,333,yes
2042,Projected,AHS PG (allied),Allied health,2,472,562,0.6516,0.9104,observed (3 cohort matches),280,333,yes
2043,Projected,AHS PG (allied),Allied health,2,472,562,0.6516,0.9104,observed (3 cohort matches),280,333,yes
2044,Projected,AHS PG (allied),Allied health,2,472,562,0.6516,0.9104,observed (3 cohort matches),280,333,yes
2045,Projected,AHS PG (allied),Allied health,2,472,562,0.6516,0.9104,observed (3 cohort matches),280,333,yes
2046,Projected,AHS PG (allied),Allied health,2,472,562,0.6516,0.9104,observed (3 cohort matches),280,333,yes
2047,Projected,AHS PG (allied),Allied health,2,472,562,0.6516,0.9104,observed (3 cohort matches),280,333,yes
2048,Projected,AHS PG (allied),Allied health,2,472,562,0.6516,0.9104,observed (3 cohort matches),280,333,yes
2049,Projected,AHS PG (allied),Allied health,2,472,562,0.6516,0.9104,observed (3 cohort matches),280,333,yes
2050,Projected,AHS PG (allied),Allied health,2,472,562,0.6516,0.9104,observed (3 cohort matches),280,333,yes
