speciality,awards,year,male,female,total
Anatomy,DNB+MD,2020,4,16,20
Anatomy,DNB+MD,2021,11,20,31
Anatomy,DNB+MD,2022,10,40,50
Anatomy,DNB+MD,2023,6,21,27
Anatomy,DNB+MD,2024,7,20,27
Anatomy,DNB+MD,2025,19,34,53
Anesthesiology,DNB+MD,2020,144,134,278
Anesthesiology,DNB+MD,2021,204,211,415
Anesthesiology,DNB+MD,2022,255,374,629
Anesthesiology,DNB+MD,2023,277,300,577
Anesthesiology,DNB+MD,2024,134,156,290
Anesthesiology,DNB+MD,2025,419,482,901
Biochemistry,DNB+MD,2020,6,23,29
Biochemistry,DNB+MD,2021,7,47,54
Biochemistry,DNB+MD,2022,17,29,46
Biochemistry,DNB+MD,2023,15,54,69
Biochemistry,DNB+MD,2024,4,28,32
Biochemistry,DNB+MD,2025,23,68,91
Community Medicine,DNB+MD,2020,23,33,56
Community Medicine,DNB+MD,2021,45,61,106
Community Medicine,DNB+MD,2022,53,97,150
Community Medicine,DNB+MD,2023,76,71,147
Community Medicine,DNB+MD,2024,39,38,77
Community Medicine,DNB+MD,2025,106,130,236
"Dermatology, Venereology and Leprosy",DNB+MD,2020,38,45,83
"Dermatology, Venereology and Leprosy",DNB+MD,2021,44,81,125
"Dermatology, Venereology and Leprosy",DNB+MD,2022,55,143,198
"Dermatology, Venereology and Leprosy",DNB+MD,2023,42,99,141
"Dermatology, Venereology and Leprosy",DNB+MD,2024,21,66,87
"Dermatology, Venereology and Leprosy",DNB+MD,2025,82,189,271
ENT (Otorhinolaryngology),DNB+MS,2020,39,46,85
ENT (Otorhinolaryngology),DNB+MS,2021,49,77,126
ENT (Otorhinolaryngology),DNB+MS,2022,78,121,199
ENT (Otorhinolaryngology),DNB+MS,2023,77,139,216
ENT (Otorhinolaryngology),DNB+MS,2024,34,71,105
ENT (Otorhinolaryngology),DNB+MS,2025,115,183,298
Emergency Medicine,DNB+MD,2020,7,4,11
Emergency Medicine,DNB+MD,2021,17,8,25
Emergency Medicine,DNB+MD,2022,21,11,32
Emergency Medicine,DNB+MD,2023,18,8,26
Emergency Medicine,DNB+MD,2024,11,11,22
Emergency Medicine,DNB+MD,2025,45,31,76
Family Medicine,DNB+MD,2020,1,2,3
Family Medicine,DNB+MD,2021,6,11,17
Family Medicine,DNB+MD,2022,12,22,34
Family Medicine,DNB+MD,2023,5,14,19
Family Medicine,DNB+MD,2024,5,11,16
Family Medicine,DNB+MD,2025,9,22,31
Forensic Medicine,DNB+MD,2020,19,5,24
Forensic Medicine,DNB+MD,2021,18,1,19
Forensic Medicine,DNB+MD,2022,35,5,40
Forensic Medicine,DNB+MD,2023,26,7,33
Forensic Medicine,DNB+MD,2024,18,5,23
Forensic Medicine,DNB+MD,2025,53,23,76
General Medicine,DNB+MD,2020,304,109,413
General Medicine,DNB+MD,2021,380,204,584
General Medicine,DNB+MD,2022,486,268,754
General Medicine,DNB+MD,2023,463,275,738
General Medicine,DNB+MD,2024,196,133,329
General Medicine,DNB+MD,2025,631,339,970
General Surgery,DNB+MS,2020,338,62,400
General Surgery,DNB+MS,2021,403,127,530
General Surgery,DNB+MS,2022,493,183,676
General Surgery,DNB+MS,2023,439,201,640
General Surgery,DNB+MS,2024,200,81,281
General Surgery,DNB+MS,2025,659,318,977
Geriatrics,DNB+MD,2020,0,0,0
Geriatrics,DNB+MD,2021,6,7,13
Geriatrics,DNB+MD,2022,2,2,4
Geriatrics,DNB+MD,2023,3,2,5
Geriatrics,DNB+MD,2024,3,9,12
Geriatrics,DNB+MD,2025,6,6,12
Immuno Haematology and Blood Transfusion,DNB+MD,2020,3,3,6
Immuno Haematology and Blood Transfusion,DNB+MD,2021,11,19,30
Immuno Haematology and Blood Transfusion,DNB+MD,2022,11,13,24
Immuno Haematology and Blood Transfusion,DNB+MD,2023,5,15,20
Immuno Haematology and Blood Transfusion,DNB+MD,2024,5,9,14
Immuno Haematology and Blood Transfusion,DNB+MD,2025,13,26,39
Medical Genetics,DNB,2020,0,0,0
Medical Genetics,DNB,2021,0,0,0
Medical Genetics,DNB,2022,0,1,1
Medical Genetics,DNB,2023,0,0,0
Medical Genetics,DNB,2024,0,0,0
Medical Genetics,DNB,2025,0,0,0
Microbiology,DNB+MD,2020,12,43,55
Microbiology,DNB+MD,2021,11,67,78
Microbiology,DNB+MD,2022,8,82,90
Microbiology,DNB+MD,2023,20,60,80
Microbiology,DNB+MD,2024,18,53,71
Microbiology,DNB+MD,2025,24,119,143
Nuclear Medicine,DNB+MD,2020,2,1,3
Nuclear Medicine,DNB+MD,2021,8,2,10
Nuclear Medicine,DNB+MD,2022,6,1,7
Nuclear Medicine,DNB+MD,2023,6,3,9
Nuclear Medicine,DNB+MD,2024,6,0,6
Nuclear Medicine,DNB+MD,2025,5,3,8
Obstetrics and Gynaecology,DNB+MS,2020,10,224,234
Obstetrics and Gynaecology,DNB+MS,2021,10,342,352
Obstetrics and Gynaecology,DNB+MS,2022,16,517,533
Obstetrics and Gynaecology,DNB+MS,2023,15,495,510
Obstetrics and Gynaecology,DNB+MS,2024,13,266,279
Obstetrics and Gynaecology,DNB+MS,2025,14,740,754
Ophthalmology,DNB+MS,2020,39,109,148
Ophthalmology,DNB+MS,2021,72,230,302
Ophthalmology,DNB+MS,2022,85,311,396
Ophthalmology,DNB+MS,2023,56,253,309
Ophthalmology,DNB+MS,2024,51,254,305
Ophthalmology,DNB+MS,2025,85,374,459
Orthopaedics,DNB+MS,2020,187,4,191
Orthopaedics,DNB+MS,2021,266,15,281
Orthopaedics,DNB+MS,2022,330,8,338
Orthopaedics,DNB+MS,2023,330,9,339
Orthopaedics,DNB+MS,2024,152,5,157
Orthopaedics,DNB+MS,2025,541,17,558
Paediatrics,DNB+MD,2020,91,111,202
Paediatrics,DNB+MD,2021,180,180,360
Paediatrics,DNB+MD,2022,179,310,489
Paediatrics,DNB+MD,2023,187,251,438
Paediatrics,DNB+MD,2024,100,178,278
Paediatrics,DNB+MD,2025,302,428,730
Pathology,DNB+MD,2020,21,97,118
Pathology,DNB+MD,2021,46,143,189
Pathology,DNB+MD,2022,37,194,231
Pathology,DNB+MD,2023,30,170,200
Pathology,DNB+MD,2024,21,88,109
Pathology,DNB+MD,2025,53,272,325
Pharmacology,DNB+MD,2020,15,33,48
Pharmacology,DNB+MD,2021,22,38,60
Pharmacology,DNB+MD,2022,20,55,75
Pharmacology,DNB+MD,2023,20,57,77
Pharmacology,DNB+MD,2024,12,31,43
Pharmacology,DNB+MD,2025,44,66,110
Physical Medicine and Rehabilitation,DNB+MD,2020,4,2,6
Physical Medicine and Rehabilitation,DNB+MD,2021,5,4,9
Physical Medicine and Rehabilitation,DNB+MD,2022,3,8,11
Physical Medicine and Rehabilitation,DNB+MD,2023,5,6,11
Physical Medicine and Rehabilitation,DNB+MD,2024,3,8,11
Physical Medicine and Rehabilitation,DNB+MD,2025,8,10,18
Physiology,DNB+MD,2020,15,19,34
Physiology,DNB+MD,2021,13,34,47
Physiology,DNB+MD,2022,11,31,42
Physiology,DNB+MD,2023,15,23,38
Physiology,DNB+MD,2024,6,16,22
Physiology,DNB+MD,2025,13,34,47
Psychiatry,DNB+MD,2020,28,28,56
Psychiatry,DNB+MD,2021,43,68,111
Psychiatry,DNB+MD,2022,41,76,117
Psychiatry,DNB+MD,2023,49,82,131
Psychiatry,DNB+MD,2024,13,27,40
Psychiatry,DNB+MD,2025,76,123,199
Radiation Oncology,DNB+MD,2020,2,2,4
Radiation Oncology,DNB+MD,2021,8,12,20
Radiation Oncology,DNB+MD,2022,20,22,42
Radiation Oncology,DNB+MD,2023,25,22,47
Radiation Oncology,DNB+MD,2024,17,23,40
Radiation Oncology,DNB+MD,2025,37,26,63
Radiodiagnosis,DNB+MD,2020,90,60,150
Radiodiagnosis,DNB+MD,2021,116,104,220
Radiodiagnosis,DNB+MD,2022,182,137,319
Radiodiagnosis,DNB+MD,2023,168,138,306
Radiodiagnosis,DNB+MD,2024,90,84,174
Radiodiagnosis,DNB+MD,2025,223,212,435
Respiratory Medicine,DNB+MD,2020,31,14,45
Respiratory Medicine,DNB+MD,2021,66,30,96
Respiratory Medicine,DNB+MD,2022,60,45,105
Respiratory Medicine,DNB+MD,2023,70,56,126
Respiratory Medicine,DNB+MD,2024,45,22,67
Respiratory Medicine,DNB+MD,2025,96,93,189
